Date Time,Voltage RMS Min (V),Voltage RMS Avg (V),Voltage RMS Max (V),Current RMS Min (A),Current RMS Avg (A),Current RMS Max (A),Real Power Min (kW),Real Power Avg (kW),Real Power Max (kW),Reactive Power Min (kVAR),Reactive Power Avg (kVAR),Reactive Power Max (kVAR),Apparent Power Min (kVA),Apparent Power Avg (kVA),Apparent Power Max (kVA),Frequency Min (Hz),Frequency Avg (Hz),Frequency Max (Hz)
2023/06/28 13:34:00,195.2,195.8,196.5,28.146,28.983,29.464,5.516,5.672,5.755,-0.185,-0.175,-0.169,5.52,5.677,5.759,60.002,60.01,60.019
2023/06/28 13:35:00,195.2,195.8,196.5,28.181,28.983,29.509,5.526,5.673,5.769,-0.185,-0.175,-0.169,5.53,5.677,5.775,59.996,60.008,60.025
2023/06/28 13:36:00,195.2,195.8,196.6,28.032,28.983,29.956,5.5,5.672,5.852,-0.186,-0.176,-0.165,5.505,5.677,5.855,60.011,60.018,60.025
2023/06/28 13:37:00,195.3,195.8,196.5,28.192,28.983,29.452,5.537,5.673,5.765,-0.183,-0.175,-0.168,5.544,5.677,5.769,59.999,60.01,60.026
2023/06/28 13:38:00,195.1,195.7,196.5,28.204,28.994,29.429,5.525,5.673,5.754,-0.185,-0.175,-0.169,5.53,5.677,5.759,59.992,60.002,60.013
2023/06/28 13:39:00,195.2,195.9,196.5,28.1,28.983,29.555,5.505,5.674,5.775,-0.184,-0.175,-0.169,5.509,5.678,5.778,59.994,60.009,60.021
2023/06/28 13:40:00,195.2,195.8,196.4,28.135,28.994,29.601,5.514,5.674,5.781,-0.185,-0.175,-0.168,5.52,5.678,5.786,59.984,60.002,60.015
2023/06/28 13:41:00,195.0,195.6,196.3,28.078,29.017,29.67,5.49,5.673,5.797,-0.185,-0.174,-0.167,5.496,5.677,5.801,59.995,60.007,60.014
2023/06/28 13:42:00,195.0,195.5,196.1,28.112,29.017,29.555,5.499,5.67,5.758,-0.184,-0.174,-0.168,5.504,5.674,5.763,59.992,60.007,60.017
2023/06/28 13:43:00,195.1,195.6,196.2,27.952,29.017,29.544,5.485,5.672,5.765,-0.185,-0.174,-0.167,5.49,5.677,5.769,60.007,60.018,60.026
2023/06/28 13:44:00,194.6,195.4,196.1,28.112,29.017,29.613,5.494,5.666,5.763,-0.184,-0.173,-0.167,5.499,5.67,5.766,59.987,59.994,60.016
2023/06/28 13:45:00,195.0,195.6,196.3,27.997,29.017,29.544,5.485,5.673,5.771,-0.185,-0.174,-0.167,5.489,5.678,5.776,59.988,60.011,60.033
2023/06/28 13:46:00,194.9,195.5,196.3,28.089,29.017,29.555,5.495,5.67,5.765,-0.184,-0.174,-0.166,5.5,5.674,5.769,60.001,60.013,60.029
2023/06/28 13:47:00,194.8,195.4,196.2,28.112,28.983,29.578,5.499,5.663,5.773,-0.184,-0.174,-0.167,5.503,5.667,5.777,59.999,60.008,60.017
2023/06/28 13:48:00,194.8,195.4,196.1,28.032,29.017,29.578,5.478,5.668,5.769,-0.184,-0.173,-0.166,5.484,5.672,5.773,59.981,60.0,60.011
2023/06/28 13:49:00,194.7,195.4,196.1,28.123,29.005,29.658,5.503,5.665,5.777,-0.185,-0.174,-0.165,5.508,5.67,5.781,59.979,59.989,60.006
2023/06/28 13:50:00,194.7,195.3,196.1,28.112,28.994,29.647,5.503,5.662,5.775,-0.184,-0.174,-0.166,5.507,5.666,5.778,59.969,59.988,60.002
2023/06/28 13:51:00,194.9,195.4,196.0,28.089,29.005,29.635,5.496,5.664,5.781,-0.185,-0.174,-0.166,5.501,5.668,5.785,59.979,59.983,59.991
2023/06/28 13:52:00,194.8,195.4,196.0,28.169,28.983,29.658,5.508,5.659,5.78,-0.184,-0.174,-0.165,5.513,5.663,5.783,59.974,59.985,59.997
2023/06/28 13:53:00,194.7,195.3,195.9,28.135,28.983,29.681,5.502,5.657,5.778,-0.184,-0.174,-0.165,5.506,5.661,5.783,59.971,59.979,59.987
2023/06/28 13:54:00,194.4,195.2,195.9,28.02,28.971,29.681,5.479,5.653,5.784,-0.185,-0.173,-0.164,5.483,5.657,5.789,59.967,59.977,59.984
2023/06/28 13:55:00,194.4,195.3,196.1,28.135,28.971,29.739,5.496,5.656,5.781,-0.183,-0.074,-0.165,5.501,5.66,5.785,59.965,59.974,59.983
2023/06/28 13:56:00,194.6,195.3,196.0,28.169,28.971,29.727,5.507,5.655,5.781,-0.183,-0.173,-0.164,5.511,5.659,5.785,59.968,59.977,59.987
2023/06/28 13:57:00,194.7,195.3,196.1,28.032,28.96,29.693,5.487,5.655,5.784,-0.183,-0.174,-0.163,5.491,5.66,5.789,59.964,59.97,59.98
2023/06/28 13:58:00,194.7,195.3,196.1,27.986,28.948,29.67,5.481,5.653,5.786,-0.184,-0.174,-0.164,5.487,5.657,5.789,59.96,59.968,59.976
2023/06/28 13:59:00,194.6,195.4,196.0,28.135,28.96,29.693,5.507,5.655,5.781,-0.183,-0.174,-0.164,5.512,5.66,5.785,59.952,59.963,59.978
2023/06/28 14:00:00,194.8,195.3,196.0,28.123,28.971,29.704,5.502,5.658,5.787,-0.184,-0.174,-0.165,5.505,5.662,5.792,59.956,59.976,59.99
2023/06/28 14:01:00,194.8,195.4,196.1,28.078,28.948,29.67,5.493,5.655,5.784,-0.186,-0.174,-0.165,5.498,5.659,5.789,59.958,59.969,59.981
2023/06/28 14:02:00,194.5,195.3,195.9,28.123,28.948,29.83,5.495,5.65,5.801,-0.184,-0.174,-0.164,5.499,5.654,5.806,59.957,59.966,59.976
2023/06/28 14:03:00,194.8,195.4,196.1,28.146,28.948,29.796,5.508,5.655,5.797,-0.184,-0.174,-0.165,5.514,5.659,5.799,59.969,59.98,59.993
2023/06/28 14:04:00,194.7,195.3,196.1,28.158,28.96,29.681,5.503,5.654,5.786,-0.185,-0.174,-0.165,5.508,5.659,5.789,59.969,59.983,59.998
2023/06/28 14:05:00,194.8,195.4,196.1,28.192,28.937,29.739,5.513,5.651,5.796,-0.184,-0.174,-0.164,5.517,5.655,5.801,59.977,59.991,59.999
2023/06/28 14:06:00,194.9,195.4,196.0,28.146,28.937,29.75,5.511,5.654,5.8,-0.185,-0.174,-0.165,5.517,5.658,5.803,59.979,59.991,60.006
2023/06/28 14:07:00,194.7,195.5,196.1,28.169,28.948,29.773,5.517,5.656,5.798,-0.184,-0.174,-0.164,5.521,5.661,5.803,59.983,59.993,60.0
2023/06/28 14:08:00,194.8,195.4,196.1,28.009,28.948,29.693,5.481,5.654,5.794,-0.185,-0.174,-0.164,5.486,5.658,5.797,59.973,59.983,59.992
2023/06/28 14:09:00,194.8,195.4,196.1,28.009,28.948,29.773,5.481,5.654,5.808,-0.185,-0.174,-0.164,5.484,5.659,5.813,59.968,59.98,60.004
2023/06/28 14:10:00,194.6,195.3,195.9,28.181,28.948,29.853,5.509,5.65,5.812,-0.183,-0.174,-0.164,5.515,5.655,5.816,59.976,59.989,60.0
2023/06/28 14:11:00,194.7,195.9,199.5,18.466,27.516,29.796,3.672,5.384,5.806,-0.303,-0.186,-0.165,3.68,5.389,5.81,59.978,59.989,60.003
2023/06/28 14:12:00,194.8,195.6,199.5,18.673,28.834,30.311,3.716,5.635,5.906,-0.32,-0.114,-0.092,3.725,5.638,5.908,59.976,59.984,59.997
2023/06/28 14:13:00,194.6,196.1,201.2,13.311,27.127,30.449,2.665,5.312,5.916,-0.361,-0.133,-0.092,2.677,5.316,5.92,59.971,59.981,59.989
2023/06/28 14:14:00,194.7,196.5,204.6,4.216,26.222,31.079,0.794,5.14,6.052,-0.376,-0.144,-0.095,0.866,5.146,6.055,59.963,59.99,60.017
2023/06/28 14:15:00,194.6,196.6,205.7,2.371,25.649,30.369,0.359,5.026,5.925,-0.517,-0.164,-0.092,0.487,5.033,5.927,59.986,59.993,60.01
2023/06/28 14:16:00,0.1,177.1,208.3,0.0,18.627,30.369,0.0,3.632,5.902,-0.436,-0.143,0.0,0.0,3.659,5.903,59.985,59.999,60.011
2023/06/28 14:17:00,194.5,197.8,204.9,6.69,22.522,30.758,1.333,4.42,5.969,-0.401,-0.169,-0.093,1.367,4.429,5.973,59.986,59.999,60.01
2023/06/28 14:18:00,193.2,198.4,207.4,1.546,24.629,38.8,0.008,4.862,7.495,-0.397,-0.163,-0.069,0.32,4.873,7.497,59.986,59.993,60.0
2023/06/28 14:19:00,194.4,198.0,202.8,13.311,25.66,35.031,2.687,5.07,6.808,-0.349,-0.164,-0.098,2.697,5.075,6.81,59.972,59.983,60.002
2023/06/28 14:20:00,196.1,198.0,202.6,13.735,25.786,30.208,2.772,5.096,5.94,-0.4,-0.185,-0.098,2.783,5.101,5.943,59.989,59.996,60.004
2023/06/28 14:21:00,196.2,198.2,203.4,12.017,25.317,30.3,2.431,5.007,5.938,-0.33,-0.181,-0.098,2.444,5.012,5.941,59.983,59.994,60.003
2023/06/28 14:22:00,195.9,197.9,202.9,12.899,25.924,30.575,2.602,5.116,5.962,-0.339,-0.155,-0.097,2.613,5.121,5.964,59.969,59.982,60.002
2023/06/28 14:23:00,195.9,198.1,205.8,4.869,25.466,30.689,0.947,5.031,6.023,-0.484,-0.177,-0.098,1.006,5.037,6.026,59.967,59.986,60.004
2023/06/28 14:24:00,192.6,198.0,202.8,12.773,25.878,40.266,2.572,5.11,7.754,-0.376,-0.151,-0.05,2.59,5.115,7.754,59.963,59.976,60.003
2023/06/28 14:25:00,192.0,198.0,207.5,1.546,25.328,40.976,0.006,4.995,7.867,-0.438,-0.159,-0.041,0.321,5.003,7.868,59.963,59.978,59.992
2023/06/28 14:26:00,192.4,197.4,203.3,11.925,27.069,40.472,2.404,5.334,7.784,-0.313,-0.139,-0.044,2.422,5.338,7.786,59.958,59.969,59.976
2023/06/28 14:27:00,195.8,198.0,205.9,5.018,25.729,31.365,0.976,5.077,6.138,-0.447,-0.16,-0.098,1.034,5.083,6.141,59.959,59.97,59.982
2023/06/28 14:28:00,196.1,198.0,203.1,12.086,25.649,30.655,2.449,5.066,6.008,-0.335,-0.184,-0.099,2.466,5.072,6.012,59.967,59.973,59.98
2023/06/28 14:29:00,196.1,198.0,202.5,13.277,25.832,30.323,2.67,5.104,5.94,-0.377,-0.184,-0.098,2.686,5.11,5.942,59.968,59.978,59.987
2023/06/28 14:30:00,196.2,198.3,203.0,12.635,25.534,30.22,2.567,5.051,5.94,-0.413,-0.187,-0.098,2.582,5.057,5.942,59.961,59.968,59.977
2023/06/28 14:31:00,0.1,159.8,209.8,0.0,8.569,33.576,-0.004,1.683,6.557,-0.635,-0.178,0.0,0.0,1.726,6.56,59.969,59.98,59.989
2023/06/28 14:32:00,196.6,201.0,208.8,0.527,19.028,30.93,0.0,3.766,6.065,-0.348,-0.201,-0.1,0.11,3.79,6.072,59.957,59.968,59.978
2023/06/28 14:33:00,196.5,198.5,203.8,10.299,25.305,30.563,2.086,5.01,5.981,-0.407,-0.156,-0.098,2.105,5.016,5.984,59.964,59.974,59.983
2023/06/28 14:34:00,196.5,198.1,203.0,13.403,26.6,30.197,2.709,5.259,5.94,-0.336,-0.176,-0.098,2.719,5.264,5.943,59.958,59.966,59.974
2023/06/28 14:35:00,192.8,198.5,206.4,3.895,25.225,40.45,0.722,4.988,7.789,-0.377,-0.16,-0.045,0.804,4.995,7.79,59.958,59.964,59.972
2023/06/28 14:36:00,0.1,179.6,209.6,0.0,14.812,32.202,-0.005,2.916,6.25,-0.388,-0.175,0.0,0.0,2.949,6.256,59.956,59.966,59.978
2023/06/28 14:37:00,196.2,198.2,202.7,13.414,25.294,30.414,2.712,5.0,5.939,-0.394,-0.158,-0.096,2.724,5.006,5.943,59.955,59.963,59.973
2023/06/28 14:38:00,196.0,198.2,202.7,13.311,25.179,30.449,2.684,4.98,5.971,-0.339,-0.165,-0.096,2.696,4.985,5.976,59.958,59.969,59.977
2023/06/28 14:39:00,196.2,197.9,203.0,13.529,26.302,30.346,2.731,5.192,5.948,-0.4,-0.144,-0.097,2.744,5.197,5.951,59.959,59.968,59.977
2023/06/28 14:40:00,196.0,197.6,202.5,13.323,26.749,30.46,2.682,5.274,5.924,-0.371,-0.147,-0.097,2.696,5.279,5.926,59.954,59.964,59.974
2023/06/28 14:41:00,196.0,197.9,203.3,11.547,25.798,30.77,2.326,5.092,6.039,-0.337,-0.164,-0.095,2.348,5.098,6.041,59.957,59.967,59.978
2023/06/28 14:42:00,0.1,179.8,209.4,0.0,14.938,29.727,-0.001,2.938,5.837,-0.432,-0.202,0.0,0.0,2.972,5.841,59.953,59.971,59.983
2023/06/28 14:43:00,192.5,198.1,203.9,9.978,24.973,40.266,2.013,4.935,7.738,-0.372,-0.178,-0.053,2.031,4.941,7.741,59.958,59.97,59.979
2023/06/28 14:44:00,195.8,197.5,202.6,13.437,26.416,30.609,2.708,5.206,5.951,-0.372,-0.141,-0.094,2.72,5.211,5.955,59.956,59.965,59.975
2023/06/28 14:45:00,195.9,197.5,202.2,13.861,26.29,30.369,2.79,5.184,5.955,-0.368,-0.163,-0.097,2.801,5.189,5.957,59.955,59.963,59.975
2023/06/28 14:46:00,195.7,197.9,207.3,1.546,25.259,30.575,0.002,4.972,5.991,-0.49,-0.155,-0.097,0.32,4.983,5.995,59.958,59.964,59.97
2023/06/28 14:47:00,195.9,197.4,207.3,1.569,26.646,30.266,0.007,5.247,5.928,-0.408,-0.143,-0.097,0.325,5.254,5.931,59.956,59.964,59.973
2023/06/28 14:48:00,196.0,198.0,206.5,3.54,25.546,30.311,0.64,5.041,5.945,-0.422,-0.168,-0.095,0.731,5.048,5.948,59.957,59.963,59.967
2023/06/28 14:49:00,0.1,179.7,209.6,0.0,13.85,33.805,-0.004,2.731,6.599,-0.448,-0.19,0.0,0.0,2.764,6.604,59.957,59.963,59.978
2023/06/28 14:50:00,196.1,197.8,202.9,13.346,26.199,30.586,2.69,5.173,5.962,-0.402,-0.144,-0.096,2.703,5.178,5.965,59.958,59.967,59.978
2023/06/28 14:51:00,196.1,198.2,203.0,13.357,25.374,30.804,2.699,5.017,6.04,-0.397,-0.158,-0.094,2.71,5.022,6.042,59.965,59.974,59.98
2023/06/28 14:52:00,196.3,198.3,203.0,13.266,25.66,30.472,2.678,5.079,5.981,-0.367,-0.195,-0.096,2.69,5.085,5.986,59.962,59.978,59.99
2023/06/28 14:53:00,196.4,198.1,203.4,12.372,26.176,30.896,2.503,5.174,6.066,-0.355,-0.171,-0.097,2.523,5.179,6.07,59.97,59.99,60.006
2023/06/28 14:54:00,196.1,198.2,203.6,12.246,25.546,30.655,2.499,5.052,5.978,-0.366,-0.161,-0.097,2.512,5.057,5.982,59.973,59.983,59.996
2023/06/28 14:55:00,196.3,198.4,203.8,11.444,25.259,30.77,2.326,4.999,6.038,-0.383,-0.154,-0.096,2.34,5.004,6.04,59.976,59.986,59.996
2023/06/28 14:56:00,196.5,198.2,203.3,12.567,26.268,31.216,2.54,5.193,6.131,-0.337,-0.144,-0.097,2.552,5.197,6.135,59.979,59.999,60.008
2023/06/28 14:57:00,196.1,198.3,203.0,13.185,25.168,30.689,2.658,4.976,6.018,-0.411,-0.157,-0.097,2.67,4.982,6.021,59.978,59.985,59.992
2023/06/28 14:58:00,196.3,198.0,202.9,13.449,26.52,30.907,2.715,5.241,6.06,-0.361,-0.18,-0.099,2.728,5.246,6.066,59.985,60.004,60.017
2023/06/28 14:59:00,196.1,198.1,202.7,13.426,25.764,30.655,2.717,5.095,5.942,-0.373,-0.175,-0.099,2.729,5.1,5.946,59.995,60.009,60.022
2023/06/28 15:00:00,196.6,198.5,202.7,13.827,25.512,30.426,2.789,5.053,5.931,-0.332,-0.191,-0.099,2.806,5.059,5.934,59.99,60.001,60.015
2023/06/28 15:01:00,196.0,198.1,203.6,11.501,25.901,31.549,2.325,5.118,6.138,-0.332,-0.146,-0.097,2.341,5.123,6.143,59.986,59.994,60.002
2023/06/28 15:02:00,196.4,198.2,203.1,13.277,25.89,30.277,2.682,5.12,5.927,-0.342,-0.145,-0.098,2.695,5.124,5.929,59.991,59.999,60.007
2023/06/28 15:03:00,196.4,198.3,207.6,1.558,25.305,30.392,0.009,4.993,5.965,-0.459,-0.172,-0.098,0.323,5.004,5.968,60.001,60.015,60.024
2023/06/28 15:04:00,196.0,197.9,202.4,13.518,25.775,30.919,2.724,5.092,6.002,-0.332,-0.187,-0.099,2.736,5.098,6.005,60.011,60.016,60.021
2023/06/28 15:05:00,196.1,198.1,202.7,13.392,25.695,30.174,2.706,5.08,5.927,-0.428,-0.151,-0.098,2.717,5.085,5.93,60.01,60.02,60.028
2023/06/28 15:06:00,195.8,197.8,203.0,13.311,26.336,30.712,2.687,5.201,6.009,-0.366,-0.142,-0.096,2.698,5.205,6.012,59.995,60.003,60.021
2023/06/28 15:07:00,195.8,198.0,202.8,13.323,25.328,30.609,2.681,5.003,6.007,-0.378,-0.158,-0.096,2.694,5.008,6.009,60.009,60.018,60.029
2023/06/28 15:08:00,196.3,197.5,202.8,13.38,27.207,30.174,2.705,5.365,5.922,-0.358,-0.175,-0.097,2.716,5.37,5.924,60.005,60.013,60.021
2023/06/28 15:09:00,196.1,197.7,202.9,13.243,26.6,29.979,2.686,5.248,5.89,-0.36,-0.181,-0.098,2.697,5.254,5.893,60.003,60.014,60.034
2023/06/28 15:10:00,193.1,198.2,202.8,13.506,25.764,39.602,2.727,5.095,7.632,-0.407,-0.179,-0.056,2.737,5.101,7.636,59.998,60.013,60.022
2023/06/28 15:11:00,196.3,198.4,203.6,12.017,25.156,30.243,2.431,4.976,5.931,-0.392,-0.155,-0.096,2.446,4.982,5.935,59.992,59.998,60.008
2023/06/28 15:12:00,196.1,198.1,203.0,13.162,25.935,30.793,2.655,5.125,6.034,-0.341,-0.146,-0.098,2.668,5.13,6.039,59.997,60.008,60.018
2023/06/28 15:13:00,196.3,198.2,202.8,13.38,25.271,30.082,2.698,4.996,5.895,-0.33,-0.18,-0.097,2.709,5.002,5.896,59.995,60.002,60.012
2023/06/28 15:14:00,196.1,198.2,203.4,12.131,25.603,30.93,2.456,5.061,6.006,-0.374,-0.15,-0.096,2.471,5.066,6.009,59.989,60.004,60.015
2023/06/28 15:15:00,196.1,198.3,203.0,13.38,25.122,30.77,2.71,4.969,5.992,-0.324,-0.156,-0.098,2.721,4.974,5.995,59.988,60.003,60.019
2023/06/28 15:16:00,196.0,198.1,202.6,13.426,25.626,30.689,2.703,5.065,5.977,-0.432,-0.161,-0.098,2.717,5.07,5.979,59.983,59.989,59.996
2023/06/28 15:17:00,196.3,198.3,202.8,13.185,25.328,30.22,2.661,5.01,5.938,-0.344,-0.173,-0.096,2.672,5.015,5.94,59.978,59.99,60.003
2023/06/28 15:18:00,196.3,197.6,204.3,9.061,27.173,30.151,1.834,5.358,5.916,-0.396,-0.174,-0.097,1.855,5.363,5.919,59.97,59.986,60.004
2023/06/28 15:19:00,195.9,197.9,203.0,13.323,25.878,30.644,2.69,5.109,5.945,-0.321,-0.147,-0.097,2.702,5.114,5.948,59.989,59.999,60.009
2023/06/28 15:20:00,195.9,197.7,202.7,13.346,26.348,30.747,2.698,5.198,5.977,-0.368,-0.14,-0.096,2.709,5.203,5.981,59.991,60.004,60.024
2023/06/28 15:21:00,195.9,197.4,203.4,10.688,26.657,30.071,2.155,5.252,5.895,-0.354,-0.175,-0.097,2.174,5.258,5.898,59.989,60.002,60.018
2023/06/28 15:22:00,196.0,196.7,197.3,28.272,28.925,29.635,5.558,5.687,5.824,-0.186,-0.178,-0.171,5.563,5.691,5.827,59.997,60.004,60.017
2023/06/28 15:23:00,195.9,196.7,197.4,28.066,28.937,29.383,5.526,5.687,5.77,-0.186,-0.177,-0.171,5.53,5.692,5.774,59.983,59.994,60.001
2023/06/28 15:24:00,195.9,197.1,202.2,13.689,27.654,30.014,2.757,5.444,5.894,-0.327,-0.178,-0.098,2.77,5.449,5.895,59.996,60.002,60.008
2023/06/28 15:25:00,195.8,197.0,202.5,13.094,27.952,30.162,2.659,5.499,5.907,-0.333,-0.17,-0.096,2.67,5.503,5.91,59.988,60.001,60.011
2023/06/28 15:26:00,196.1,197.2,202.2,13.701,27.906,29.956,2.765,5.494,5.885,-0.345,-0.182,-0.098,2.777,5.499,5.886,59.983,60.0,60.012
2023/06/28 15:27:00,196.2,197.9,206.3,4.342,26.073,30.22,0.824,5.145,5.925,-0.432,-0.149,-0.097,0.895,5.15,5.929,59.979,59.995,60.009
2023/06/28 15:28:00,195.8,197.3,207.6,1.569,27.493,32.076,0.002,5.41,6.17,-0.48,-0.165,-0.097,0.328,5.418,6.175,59.985,59.995,60.007
2023/06/28 15:29:00,196.4,197.0,197.6,28.272,28.937,29.693,5.568,5.698,5.833,-0.184,-0.178,-0.17,5.574,5.703,5.837,59.981,60.005,60.016
2023/06/28 15:30:00,196.4,196.9,197.4,28.318,28.948,29.418,5.578,5.697,5.785,-0.185,-0.178,-0.171,5.583,5.701,5.789,59.977,59.998,60.008
2023/06/28 15:31:00,196.4,197.0,200.6,18.661,28.662,29.647,3.733,5.644,5.835,-0.338,-0.18,-0.17,3.742,5.648,5.839,59.987,59.999,60.008
2023/06/28 15:32:00,192.7,198.1,204.0,9.863,26.382,40.919,2.001,5.215,7.871,-0.371,-0.181,-0.045,2.022,5.22,7.873,59.988,60.0,60.014
2023/06/28 15:33:00,196.2,197.2,201.0,18.661,28.65,29.635,3.739,5.646,5.824,-0.254,-0.181,-0.17,3.747,5.65,5.827,60.002,60.012,60.022
2023/06/28 15:34:00,196.6,198.3,203.8,11.914,26.153,30.54,2.41,5.173,5.954,-0.328,-0.172,-0.096,2.426,5.178,5.958,59.989,60.004,60.02
2023/06/28 15:35:00,196.2,198.3,205.3,6.828,25.557,30.529,1.364,5.052,5.986,-0.388,-0.167,-0.096,1.401,5.058,5.989,60.0,60.01,60.027
2023/06/28 15:36:00,196.4,198.2,202.9,14.193,26.336,30.197,2.864,5.211,5.942,-0.444,-0.149,-0.096,2.878,5.216,5.944,60.013,60.021,60.029
2023/06/28 15:37:00,196.2,197.9,205.9,5.018,26.554,31.193,0.978,5.242,6.113,-0.36,-0.14,-0.096,1.032,5.247,6.116,59.994,60.004,60.027
2023/06/28 15:38:00,196.4,197.6,203.2,12.842,27.356,30.277,2.586,5.398,5.947,-0.371,-0.143,-0.097,2.605,5.402,5.95,59.994,60.007,60.016
2023/06/28 15:39:00,196.1,197.1,197.9,28.364,28.971,29.441,5.588,5.708,5.783,-0.187,-0.178,-0.17,5.592,5.712,5.788,59.992,60.017,60.034
2023/06/28 15:40:00,196.1,197.1,205.7,5.453,28.055,30.266,1.077,5.523,5.924,-0.349,-0.17,-0.097,1.128,5.528,5.927,60.005,60.013,60.023
2023/06/28 15:41:00,195.9,198.3,203.6,11.112,25.179,31.193,2.238,4.977,6.121,-0.376,-0.157,-0.096,2.261,4.982,6.124,60.002,60.015,60.024
2023/06/28 15:42:00,196.0,198.2,203.7,12.109,25.638,30.197,2.446,5.068,5.943,-0.394,-0.152,-0.096,2.463,5.073,5.944,60.0,60.01,60.02
2023/06/28 15:43:00,0.0,179.8,208.7,0.0,15.224,39.567,-0.0,2.997,7.635,-0.391,-0.175,0.0,0.0,3.029,7.637,60.017,60.021,60.026
2023/06/28 15:44:00,195.1,198.5,204.3,9.29,24.629,32.797,1.869,4.873,6.354,-0.34,-0.164,-0.097,1.895,4.879,6.36,60.01,60.021,60.03
2023/06/28 15:45:00,196.3,197.1,201.0,18.306,28.627,30.002,3.67,5.639,5.887,-0.236,-0.175,-0.1,3.677,5.644,5.89,60.0,60.018,60.032
2023/06/28 15:46:00,196.5,198.1,208.0,1.558,26.164,30.964,0.008,5.167,6.08,-0.499,-0.146,-0.098,0.324,5.174,6.084,60.011,60.026,60.035
2023/06/28 15:47:00,196.2,197.9,207.5,1.546,26.142,30.346,0.008,5.156,5.958,-0.47,-0.149,-0.096,0.323,5.164,5.96,60.017,60.023,60.033
2023/06/28 15:48:00,196.2,198.2,204.3,9.462,25.557,30.426,1.91,5.052,5.967,-0.434,-0.152,-0.094,1.932,5.057,5.97,60.009,60.023,60.036
2023/06/28 15:49:00,196.3,197.6,203.0,12.796,27.344,30.22,2.583,5.393,5.93,-0.404,-0.175,-0.096,2.605,5.398,5.932,60.016,60.027,60.035
2023/06/28 15:50:00,196.3,197.2,202.9,13.483,28.513,29.819,2.739,5.617,5.865,-0.381,-0.175,-0.102,2.749,5.622,5.868,60.008,60.022,60.038
2023/06/28 15:51:00,195.9,198.1,207.8,1.569,25.489,30.667,0.008,5.022,5.965,-0.498,-0.168,-0.098,0.325,5.033,5.968,60.007,60.026,60.035
2023/06/28 15:52:00,196.2,198.1,207.6,1.546,26.038,31.102,0.007,5.137,6.077,-0.499,-0.147,-0.096,0.321,5.146,6.081,59.999,60.014,60.026
2023/06/28 15:53:00,196.0,197.4,202.4,13.724,27.104,30.208,2.766,5.344,5.932,-0.414,-0.135,-0.098,2.778,5.348,5.935,59.989,59.999,60.008
2023/06/28 15:54:00,196.0,198.1,207.6,1.592,25.408,30.552,0.023,5.014,5.947,-0.38,-0.173,-0.099,0.333,5.022,5.95,59.984,59.993,59.999
2023/06/28 15:55:00,196.0,198.1,202.7,13.426,25.683,30.288,2.712,5.076,5.913,-0.307,-0.161,-0.098,2.724,5.082,5.914,59.975,59.985,59.995
2023/06/28 15:56:00,195.9,198.0,206.4,3.414,25.706,31.526,0.606,5.073,6.172,-0.348,-0.177,-0.099,0.704,5.08,6.176,59.972,59.979,59.987
2023/06/28 15:57:00,195.9,198.0,207.7,1.569,26.348,31.789,0.008,5.197,6.225,-0.448,-0.141,-0.095,0.326,5.205,6.228,59.974,59.986,59.996
2023/06/28 15:58:00,195.8,197.5,202.7,13.243,26.428,30.999,2.665,5.21,6.019,-0.409,-0.14,-0.097,2.677,5.215,6.022,59.961,59.981,60.005
2023/06/28 15:59:00,195.8,197.6,206.7,3.093,26.783,32.236,0.531,5.277,6.288,-0.506,-0.139,-0.096,0.639,5.282,6.291,60.001,60.014,60.038
2023/06/28 16:00:00,195.9,197.9,203.0,13.288,25.638,30.667,2.698,5.062,5.988,-0.412,-0.173,-0.1,2.709,5.068,5.993,60.007,60.018,60.026
2023/06/28 16:01:00,196.1,198.0,202.9,13.3,25.764,30.311,2.68,5.09,5.931,-0.432,-0.149,-0.099,2.691,5.095,5.933,60.006,60.02,60.034
2023/06/28 16:02:00,195.8,197.9,202.9,13.174,25.947,31.033,2.658,5.123,6.074,-0.366,-0.145,-0.096,2.67,5.128,6.077,60.015,60.022,60.03
2023/06/28 16:03:00,194.3,198.3,202.9,13.437,25.317,30.552,2.717,5.006,5.978,-0.363,-0.157,-0.093,2.73,5.012,5.982,60.017,60.029,60.044
2023/06/28 16:04:00,190.8,195.8,200.8,13.311,26.302,40.22,2.656,5.139,7.66,-0.295,-0.141,-0.047,2.667,5.143,7.664,60.021,60.028,60.041
2023/06/28 16:05:00,194.1,196.1,202.3,9.6,25.569,30.162,1.92,5.001,5.849,-0.424,-0.148,-0.094,1.941,5.006,5.852,60.018,60.022,60.028
2023/06/28 16:06:00,194.1,195.9,202.1,9.485,26.107,30.208,1.9,5.101,5.857,-0.44,-0.138,-0.092,1.921,5.106,5.86,60.015,60.023,60.034
2023/06/28 16:07:00,0.0,13.8,206.3,0.0,1.272,29.624,-0.003,0.25,5.763,-0.49,-0.016,0.0,0.0,0.252,5.765,60.028,60.03,60.033
2023/06/28 16:08:00,0.0,0.1,0.2,0.0,0.0,0.0,0.0,0.0,0.0,0.0,0.0,0.0,0.0,0.0,0.0,,,
2023/06/28 16:09:00,0.0,0.1,0.3,0.0,0.0,0.0,0.0,0.0,0.0,0.0,0.0,0.0,0.0,0.0,0.0,,,
